plant,ambient,deadtime,sensor_resolution,relay_power,preheat_power,cycle,heat_s,cool_s,high,low,amplitude,period_s,heat_cool_ratio,rejection,start_condition,initial_temperature
light,20,5,0.1,20,30,1,130,68,37.7994,37.1007,0.349377,198,1.91176,NONE,COLD,20
light,20,5,0.1,20,30,2,128,66,37.7994,37.1011,0.349173,194,1.93939,NONE,COLD,20
light,20,5,0.1,20,30,3,126,66,37.7994,37.1026,0.348413,192,1.90909,NONE,COLD,20
light,20,5,0.1,20,30,4,130,68,37.7994,37.1007,0.349377,198,1.91176,NONE,COLD,20
light,20,5,0.1,20,40,1,130,70,37.7997,37.1007,0.349512,200,1.85714,NONE,COLD,20
light,20,5,0.1,20,40,2,128,66,37.7994,37.1016,0.348904,194,1.93939,NONE,COLD,20
light,20,5,0.1,20,40,3,130,68,37.7994,37.1007,0.34938,198,1.91176,NONE,COLD,20
light,20,5,0.1,20,40,4,128,66,37.7994,37.1016,0.348904,194,1.93939,NONE,COLD,20
light,20,5,0.1,20,50,1,126,82,37.988,37.1026,0.442686,208,1.53659,NONE,COLD,20
light,20,5,0.1,20,50,2,130,68,37.7994,37.1007,0.349377,198,1.91176,NONE,COLD,20
light,20,5,0.1,20,50,3,128,66,37.7994,37.1016,0.348904,194,1.93939,NONE,COLD,20
light,20,5,0.1,20,50,4,130,68,37.7994,37.1007,0.34938,198,1.91176,NONE,COLD,20
light,20,5,0.1,30,30,1,62,80,37.8993,37.1272,0.386057,142,0.775,NONE,COLD,20
light,20,5,0.1,30,30,2,62,80,37.8988,37.1112,0.393837,142,0.775,NONE,COLD,20
light,20,5,0.1,30,30,3,62,78,37.8972,37.1112,0.392986,140,0.794872,NONE,COLD,20
light,20,5,0.1,30,30,4,62,78,37.8988,37.1272,0.385824,140,0.794872,NONE,COLD,20
light,20,5,0.1,30,40,1,62,82,37.8995,37.1112,0.39415,144,0.756098,NONE,COLD,20
light,20,5,0.1,30,40,2,62,78,37.8972,37.1112,0.392986,140,0.794872,NONE,COLD,20
light,20,5,0.1,30,40,3,62,78,37.8988,37.1272,0.385824,140,0.794872,NONE,COLD,20
light,20,5,0.1,30,40,4,62,80,37.8988,37.1112,0.393837,142,0.775,NONE,COLD,20
light,20,5,0.1,30,50,1,62,92,37.9994,37.1112,0.444126,154,0.673913,NONE,COLD,20
light,20,5,0.1,30,50,2,62,78,37.8983,37.117,0.390644,140,0.794872,NONE,COLD,20
light,20,5,0.1,30,50,3,62,80,37.8988,37.107,0.395927,142,0.775,NONE,COLD,20
light,20,5,0.1,30,50,4,62,78,37.8972,37.1112,0.392986,140,0.794872,NONE,COLD,20
light,20,5,0.1,40,30,1,46,88,37.9967,37.1435,0.426649,134,0.522727,NONE,COLD,20
light,20,5,0.1,40,30,2,46,94,38.0695,37.1178,0.475819,140,0.489362,NONE,COLD,20
light,20,5,0.1,40,30,3,46,92,37.9991,37.1288,0.43516,138,0.5,NONE,COLD,20
light,20,5,0.1,40,30,4,46,92,37.9995,37.1435,0.427999,138,0.5,NONE,COLD,20
light,20,5,0.1,40,40,1,46,94,38.0866,37.1288,0.478937,140,0.489362,NONE,COLD,20
light,20,5,0.1,40,40,2,46,92,37.9995,37.1435,0.427999,138,0.5,NONE,COLD,20
light,20,5,0.1,40,40,3,46,92,38.0672,37.2007,0.433287,138,0.5,NONE,COLD,20
light,20,5,0.1,40,40,4,46,94,38.0695,37.1286,0.470463,140,0.489362,NONE,COLD,20
light,20,5,0.1,40,50,1,46,100,38.0994,37.1435,0.477968,146,0.46,NONE,COLD,20
light,20,5,0.1,40,50,2,46,92,38.0672,37.2007,0.433287,138,0.5,NONE,COLD,20
light,20,5,0.1,40,50,3,46,94,38.0695,37.1286,0.470463,140,0.489362,NONE,COLD,20
light,20,5,0.1,40,50,4,46,92,37.9995,37.1288,0.435341,138,0.5,NONE,COLD,20
light,20,5,0.01,20,30,1,122,64,37.7724,37.1244,0.323957,186,1.90625,NONE,COLD,20
light,20,5,0.01,20,30,2,122,64,37.7653,37.1243,0.320488,186,1.90625,NONE,COLD,20
light,20,5,0.01,20,30,3,120,62,37.7618,37.1443,0.308739,182,1.93548,NONE,COLD,20
light,20,5,0.01,20,30,4,120,64,37.7708,37.1344,0.318176,184,1.875,NONE,COLD,20
light,20,5,0.01,20,40,1,120,66,37.7988,37.1389,0.329967,186,1.81818,NONE,COLD,20
light,20,5,0.01,20,40,2,122,64,37.7693,37.1319,0.318701,186,1.90625,NONE,COLD,20
light,20,5,0.01,20,40,3,122,64,37.7709,37.1289,0.321007,186,1.90625,NONE,COLD,20
light,20,5,0.01,20,40,4,122,64,37.7657,37.1244,0.32062,186,1.90625,NONE,COLD,20
light,20,5,0.01,20,50,1,122,82,37.9541,37.1293,0.41238,204,1.4878,NONE,COLD,20
light,20,5,0.01,20,50,2,122,64,37.7708,37.1288,0.320988,186,1.90625,NONE,COLD,20
light,20,5,0.01,20,50,3,122,64,37.7657,37.1244,0.320631,186,1.90625,NONE,COLD,20
light,20,5,0.01,20,50,4,122,64,37.7624,37.1243,0.319057,186,1.90625,NONE,COLD,20
light,20,5,0.01,30,30,1,62,80,37.9157,37.1515,0.382097,142,0.775,NONE,COLD,20
light,20,5,0.01,30,30,2,60,78,37.8996,37.1611,0.369215,138,0.769231,NONE,COLD,20
light,20,5,0.01,30,30,3,62,78,37.8881,37.1509,0.368597,140,0.794872,NONE,COLD,20
light,20,5,0.01,30,30,4,60,78,37.8986,37.1575,0.37055,138,0.769231,NONE,COLD,20
light,20,5,0.01,30,40,1,62,80,37.9175,37.1516,0.382938,142,0.775,NONE,COLD,20
light,20,5,0.01,30,40,2,60,78,37.8996,37.1612,0.369213,138,0.769231,NONE,COLD,20
light,20,5,0.01,30,40,3,62,78,37.8881,37.1511,0.368486,140,0.794872,NONE,COLD,20
light,20,5,0.01,30,40,4,60,78,37.8986,37.1609,0.368895,138,0.769231,NONE,COLD,20
light,20,5,0.01,30,50,1,60,90,38.0331,37.1622,0.435448,150,0.666667,NONE,COLD,20
light,20,5,0.01,30,50,2,62,78,37.8881,37.1515,0.36828,140,0.794872,NONE,COLD,20
light,20,5,0.01,30,50,3,60,78,37.8996,37.1611,0.369215,138,0.769231,NONE,COLD,20
light,20,5,0.01,30,50,4,62,78,37.8881,37.1511,0.368486,140,0.794872,NONE,COLD,20
light,20,5,0.01,40,30,1,46,92,38.0341,37.1637,0.4352,138,0.5,NONE,COLD,20
light,20,5,0.01,40,30,2,46,92,38.037,37.1682,0.434401,138,0.5,NONE,COLD,20
light,20,5,0.01,40,30,3,46,92,38.0465,37.1748,0.435854,138,0.5,NONE,COLD,20
light,20,5,0.01,40,30,4,44,92,38.0503,37.183,0.433615,136,0.478261,NONE,COLD,20
light,20,5,0.01,40,40,1,44,92,38.0465,37.1782,0.434189,136,0.478261,NONE,COLD,20
light,20,5,0.01,40,40,2,46,88,38.0008,37.1748,0.412966,134,0.522727,NONE,COLD,20
light,20,5,0.01,40,40,3,46,94,38.0539,37.1582,0.447876,140,0.489362,NONE,COLD,20
light,20,5,0.01,40,40,4,46,92,38.0364,37.1639,0.436256,138,0.5,NONE,COLD,20
light,20,5,0.01,40,50,1,46,100,38.1228,37.1631,0.47982,146,0.46,NONE,COLD,20
light,20,5,0.01,40,50,2,46,92,38.0366,37.1682,0.4342,138,0.5,NONE,COLD,20
light,20,5,0.01,40,50,3,46,92,38.0464,37.1739,0.436258,138,0.5,NONE,COLD,20
light,20,5,0.01,40,50,4,44,92,38.0476,37.1782,0.434687,136,0.478261,NONE,COLD,20
light,20,15,0.1,20,30,1,156,84,37.8976,37.0003,0.448658,240,1.85714,NONE,COLD,20
light,20,15,0.1,20,30,2,156,82,37.8845,37.0006,0.44194,238,1.90244,NONE,COLD,20
light,20,15,0.1,20,30,3,154,82,37.8939,37.0007,0.446619,236,1.87805,NONE,COLD,20
light,20,15,0.1,20,30,4,154,80,37.8752,37.0007,0.437279,234,1.925,NONE,COLD,20
light,20,15,0.1,20,40,1,156,100,38.0892,37.0004,0.544395,256,1.56,NONE,COLD,20
light,20,15,0.1,20,40,2,156,82,37.8903,37.0007,0.444828,238,1.90244,NONE,COLD,20
light,20,15,0.1,20,40,3,154,82,37.8939,37.0007,0.446619,236,1.87805,NONE,COLD,20
light,20,15,0.1,20,40,4,158,82,37.8902,37.0002,0.445038,240,1.92683,NONE,COLD,20
light,20,15,0.1,30,30,1,80,102,38.0817,37.0044,0.538645,182,0.784314,NONE,COLD,20
light,20,15,0.1,30,30,2,78,100,38.0711,37.0112,0.52998,178,0.78,NONE,COLD,20
light,20,15,0.1,30,30,3,78,100,37.9997,37.0112,0.49428,178,0.78,NONE,COLD,20
light,20,15,0.1,30,30,4,78,100,37.9997,37.0112,0.49428,178,0.78,NONE,COLD,20
light,20,15,0.01,20,30,1,148,82,37.8647,37.0192,0.422741,230,1.80488,NONE,COLD,20
light,20,15,0.01,20,30,2,150,78,37.8219,37.0092,0.406319,228,1.92308,NONE,COLD,20
light,20,15,0.01,20,30,3,148,78,37.8293,37.0289,0.400229,226,1.89744,NONE,COLD,20
light,20,15,0.01,20,30,4,150,78,37.8233,37.0188,0.402258,228,1.92308,NONE,COLD,20
light,20,15,0.01,20,40,1,150,96,38.0186,37.0088,0.504885,246,1.5625,NONE,COLD,20
light,20,15,0.01,20,40,2,148,78,37.8253,37.0288,0.398232,226,1.89744,NONE,COLD,20
light,20,15,0.01,20,40,3,150,78,37.8232,37.0144,0.4044,228,1.92308,NONE,COLD,20
light,20,15,0.01,20,40,4,150,80,37.8343,37.0119,0.41119,230,1.875,NONE,COLD,20
light,20,15,0.01,30,30,1,78,100,38.0497,37.0422,0.503763,178,0.78,NONE,COLD,20
light,20,15,0.01,30,30,2,78,100,38.0381,37.0416,0.498272,178,0.78,NONE,COLD,20
light,20,15,0.01,30,30,3,78,100,38.0381,37.0415,0.498283,178,0.78,NONE,COLD,20
light,20,15,0.01,30,30,4,78,100,38.0381,37.0411,0.498459,178,0.78,NONE,COLD,20
light,20,15,0.01,30,40,1,78,108,38.1427,37.0422,0.550241,186,0.722222,NONE,COLD,20
light,20,15,0.01,30,40,2,78,100,38.0381,37.0416,0.498272,178,0.78,NONE,COLD,20
light,20,15,0.01,30,40,3,78,100,38.0381,37.0415,0.498283,178,0.78,NONE,COLD,20
light,20,15,0.01,30,40,4,78,100,38.0381,37.0411,0.498459,178,0.78,NONE,COLD,20
light,25,5,0.1,20,30,1,84,94,37.7999,37.2001,0.299921,178,0.893617,NONE,COLD,25
light,25,5,0.1,20,30,2,82,94,37.874,37.2001,0.336918,176,0.87234,NONE,COLD,25
light,25,5,0.1,20,30,3,84,92,37.7999,37.2001,0.299906,176,0.913043,NONE,COLD,25
light,25,5,0.1,20,30,4,84,94,37.8584,37.2001,0.329113,178,0.893617,NONE,COLD,25
light,25,5,0.1,20,40,1,84,102,37.8996,37.2001,0.349705,186,0.823529,NONE,COLD,25
light,25,5,0.1,20,40,2,84,96,37.8895,37.2001,0.344702,180,0.875,NONE,COLD,25
light,25,5,0.1,20,40,3,82,94,37.874,37.2001,0.336918,176,0.87234,NONE,COLD,25
light,25,5,0.1,20,40,4,84,92,37.7999,37.2001,0.299906,176,0.913043,NONE,COLD,25
light,25,5,0.1,20,50,1,84,114,37.9994,37.2001,0.399654,198,0.736842,NONE,COLD,25
light,25,5,0.1,20,50,2,84,96,37.8895,37.2001,0.344702,180,0.875,NONE,COLD,25
light,25,5,0.1,20,50,3,84,94,37.8584,37.2001,0.329142,178,0.893617,NONE,COLD,25
light,25,5,0.1,20,50,4,84,96,37.8895,37.2001,0.344702,180,0.875,NONE,COLD,25
light,25,5,0.1,30,30,1,50,112,37.9968,37.2006,0.398102,162,0.446429,NONE,COLD,25
light,25,5,0.1,30,30,2,50,108,37.8999,37.2006,0.349638,158,0.462963,NONE,COLD,25
light,25,5,0.1,30,30,3,50,108,37.8999,37.2006,0.349638,158,0.462963,NONE,COLD,25
light,25,5,0.1,30,30,4,50,108,37.8999,37.2006,0.349638,158,0.462963,NONE,COLD,25
light,25,5,0.1,30,40,1,50,118,37.9997,37.2006,0.39954,168,0.423729,NONE,COLD,25
light,25,5,0.1,30,40,2,50,108,37.8999,37.2006,0.349638,158,0.462963,NONE,COLD,25
light,25,5,0.1,30,40,3,50,108,37.8999,37.2006,0.349638,158,0.462963,NONE,COLD,25
light,25,5,0.1,30,40,4,50,108,37.8999,37.2006,0.349638,158,0.462963,NONE,COLD,25
light,25,5,0.1,30,50,1,50,126,38.0987,37.2006,0.449034,176,0.396825,NONE,COLD,25
light,25,5,0.1,30,50,2,50,108,37.8999,37.2006,0.349638,158,0.462963,NONE,COLD,25
light,25,5,0.1,30,50,3,50,108,37.8999,37.2006,0.349638,158,0.462963,NONE,COLD,25
light,25,5,0.1,30,50,4,50,108,37.8999,37.201,0.349457,158,0.462963,NONE,COLD,25
light,25,5,0.1,40,30,1,40,120,37.9998,37.2015,0.399113,160,0.333333,NONE,COLD,25
light,25,5,0.1,40,30,2,42,128,38.0991,37.2015,0.448751,170,0.328125,NONE,COLD,25
light,25,5,0.01,20,30,1,78,90,37.8382,37.1998,0.319216,168,0.866667,NONE,COLD,25
light,25,5,0.01,20,30,2,78,88,37.8212,37.2015,0.309847,166,0.886364,NONE,COLD,25
light,25,5,0.01,20,30,3,80,90,37.8216,37.1858,0.317873,170,0.888889,NONE,COLD,25
light,25,5,0.01,20,30,4,78,88,37.8235,37.1998,0.31185,166,0.886364,NONE,COLD,25
light,25,5,0.01,20,40,1,80,100,37.9041,37.1915,0.356302,180,0.8,NONE,COLD,25
light,25,5,0.01,20,40,2,80,90,37.8276,37.1858,0.320881,170,0.888889,NONE,COLD,25
light,25,5,0.01,20,40,3,78,88,37.8235,37.1998,0.31185,166,0.886364,NONE,COLD,25
light,25,5,0.01,20,40,4,78,88,37.8212,37.2015,0.309847,166,0.886364,NONE,COLD,25
light,25,5,0.01,20,50,1,80,112,38.0007,37.1898,0.405447,192,0.714286,NONE,COLD,25
light,25,5,0.01,20,50,2,78,88,37.8236,37.2015,0.311068,166,0.886364,NONE,COLD,25
light,25,5,0.01,20,50,3,80,90,37.8216,37.1858,0.317873,170,0.888889,NONE,COLD,25
light,25,5,0.01,20,50,4,78,88,37.8235,37.1998,0.311848,166,0.886364,NONE,COLD,25
light,25,5,0.01,30,30,1,50,108,37.968,37.2122,0.377865,158,0.462963,NONE,COLD,25
light,25,5,0.01,30,30,2,50,108,37.9632,37.2111,0.376041,158,0.462963,NONE,COLD,25
light,25,5,0.01,30,30,3,50,108,37.9623,37.2106,0.375856,158,0.462963,NONE,COLD,25
light,25,5,0.01,30,30,4,50,108,37.9591,37.2106,0.374249,158,0.462963,NONE,COLD,25
light,25,5,0.01,30,40,1,50,110,37.9817,37.212,0.384817,160,0.454545,NONE,COLD,25
light,25,5,0.01,30,40,2,50,108,37.9626,37.211,0.375799,158,0.462963,NONE,COLD,25
light,25,5,0.01,30,40,3,50,108,37.9623,37.2106,0.375854,158,0.462963,NONE,COLD,25
light,25,5,0.01,30,40,4,50,108,37.9591,37.2104,0.374317,158,0.462963,NONE,COLD,25
light,25,5,0.01,30,50,1,50,124,38.09,37.202,0.443983,174,0.403226,NONE,COLD,25
light,25,5,0.01,30,50,2,50,108,37.9532,37.2011,0.37603,158,0.462963,NONE,COLD,25
light,25,5,0.01,30,50,3,50,108,37.9524,37.201,0.375687,158,0.462963,NONE,COLD,25
light,25,5,0.01,30,50,4,50,108,37.9523,37.2006,0.375854,158,0.462963,NONE,COLD,25
light,25,5,0.01,40,30,1,40,124,38.0817,37.2135,0.434105,164,0.322581,NONE,COLD,25
light,25,5,0.01,40,30,2,40,128,38.1069,37.2053,0.450798,168,0.3125,NONE,COLD,25
light,25,5,0.01,40,30,3,40,126,38.1011,37.2155,0.44281,166,0.31746,NONE,COLD,25
light,25,5,0.01,40,30,4,40,128,38.1112,37.2135,0.448854,168,0.3125,NONE,COLD,25
light,25,5,0.01,40,40,1,40,126,38.0968,37.2145,0.441174,166,0.31746,NONE,COLD,25
light,25,5,0.01,40,40,2,40,128,38.1069,37.2053,0.450798,168,0.3125,NONE,COLD,25
light,25,5,0.01,40,40,3,40,126,38.1011,37.2155,0.44281,166,0.31746,NONE,COLD,25
light,25,5,0.01,40,40,4,40,128,38.1112,37.2135,0.448854,168,0.3125,NONE,COLD,25
light,25,5,0.01,40,50,1,40,136,38.1801,37.2134,0.483335,176,0.294118,NONE,COLD,25
light,25,5,0.01,40,50,2,40,126,38.1059,37.2234,0.441254,166,0.31746,NONE,COLD,25
light,25,5,0.01,40,50,3,40,128,38.1169,37.2147,0.451086,168,0.3125,NONE,COLD,25
light,25,5,0.01,40,50,4,40,128,38.1081,37.2093,0.449404,168,0.3125,NONE,COLD,25
light,25,15,0.1,20,30,1,100,118,37.9983,37.1006,0.448845,218,0.847458,NONE,COLD,25
light,25,15,0.1,20,30,2,102,112,37.8999,37.1004,0.399738,214,0.910714,NONE,COLD,25
light,25,15,0.1,20,30,3,102,116,37.8999,37.1002,0.399853,218,0.87931,NONE,COLD,25
light,25,15,0.1,20,30,4,102,114,37.8999,37.1004,0.399767,216,0.894737,NONE,COLD,25
light,25,15,0.01,20,30,1,98,116,37.9733,37.1157,0.428778,214,0.844828,NONE,COLD,25
light,25,15,0.01,20,30,2,98,110,37.9189,37.1115,0.403685,208,0.890909,NONE,COLD,25
light,25,15,0.01,20,30,3,98,110,37.9176,37.1098,0.403915,208,0.890909,NONE,COLD,25
light,25,15,0.01,20,30,4,98,110,37.9136,37.1097,0.401978,208,0.890909,NONE,COLD,25
light,25,15,0.01,20,40,1,98,138,38.1531,37.1157,0.518688,236,0.710145,NONE,COLD,25
light,25,15,0.01,20,40,2,98,110,37.9189,37.1115,0.403685,208,0.890909,NONE,COLD,25
light,25,15,0.01,20,40,3,98,110,37.9176,37.1098,0.403915,208,0.890909,NONE,COLD,25
light,25,15,0.01,20,40,4,98,110,37.9136,37.1097,0.401978,208,0.890909,NONE,COLD,25
light,25,15,0.01,30,30,1,64,140,38.1521,37.1306,0.510767,204,0.457143,NONE,COLD,25
light,25,15,0.01,30,30,2,64,136,38.1286,37.1311,0.498766,200,0.470588,NONE,COLD,25
light,25,15,0.01,30,30,3,64,138,38.129,37.1206,0.504173,202,0.463768,NONE,COLD,25
light,25,15,0.01,30,30,4,64,136,38.1189,37.1236,0.497671,200,0.470588,NONE,COLD,25
light,28,5,0.1,20,30,1,70,122,37.8958,37.2004,0.347723,192,0.57377,NONE,COLD,28
light,28,5,0.1,20,30,2,68,122,37.8983,37.2004,0.348967,190,0.557377,NONE,COLD,28
light,28,5,0.1,20,30,3,70,122,37.8959,37.2004,0.34775,192,0.57377,NONE,COLD,28
light,28,5,0.1,20,30,4,68,122,37.8983,37.2004,0.348967,190,0.557377,NONE,COLD,28
light,28,5,0.1,20,40,1,68,134,37.9722,37.2006,0.385826,202,0.507463,NONE,COLD,28
light,28,5,0.1,20,40,2,70,122,37.8959,37.2004,0.347746,192,0.57377,NONE,COLD,28
light,28,5,0.1,20,40,3,68,122,37.8983,37.2004,0.348967,190,0.557377,NONE,COLD,28
light,28,5,0.1,20,40,4,70,122,37.8959,37.2004,0.34775,192,0.57377,NONE,COLD,28
light,28,5,0.1,20,50,1,68,156,38.0979,37.2004,0.448782,224,0.435897,NONE,COLD,28
light,28,5,0.1,20,50,2,70,122,37.8959,37.2004,0.347746,192,0.57377,NONE,COLD,28
light,28,5,0.1,20,50,3,68,122,37.8983,37.2004,0.348967,190,0.557377,NONE,COLD,28
light,28,5,0.1,20,50,4,68,120,37.8959,37.2006,0.347637,188,0.566667,NONE,COLD,28
light,28,5,0.1,30,30,1,46,144,37.9991,37.2015,0.398817,190,0.319444,NONE,COLD,28
light,28,5,0.1,30,30,2,46,142,37.9992,37.2015,0.398863,188,0.323944,NONE,COLD,28
light,28,5,0.1,30,30,3,46,144,37.9992,37.2015,0.398863,190,0.319444,NONE,COLD,28
light,28,5,0.1,30,30,4,46,142,37.9992,37.2015,0.398863,188,0.323944,NONE,COLD,28
light,28,5,0.1,30,40,1,46,154,38.092,37.2015,0.445244,200,0.298701,NONE,COLD,28
light,28,5,0.1,30,40,2,46,144,37.9992,37.2015,0.398863,190,0.319444,NONE,COLD,28
light,28,5,0.1,30,40,3,46,142,37.9986,37.2015,0.398561,188,0.323944,NONE,COLD,28
light,28,5,0.1,30,40,4,46,142,37.9992,37.2015,0.398863,188,0.323944,NONE,COLD,28
light,28,5,0.1,40,30,1,38,168,38.0999,37.2024,0.448763,206,0.22619,NONE,COLD,28
light,28,5,0.1,40,30,2,38,168,38.0999,37.2024,0.448761,206,0.22619,NONE,COLD,28
light,28,5,0.01,20,30,1,66,120,37.883,37.221,0.330997,186,0.55,NONE,COLD,28
light,28,5,0.01,20,30,2,66,118,37.8657,37.2213,0.322187,184,0.559322,NONE,COLD,28
light,28,5,0.01,20,30,3,66,118,37.8658,37.2258,0.319994,184,0.559322,NONE,COLD,28
light,28,5,0.01,20,30,4,66,118,37.8712,37.2259,0.322662,184,0.559322,NONE,COLD,28
light,28,5,0.01,20,40,1,66,130,37.9442,37.2258,0.359207,196,0.507692,NONE,COLD,28
light,28,5,0.01,20,40,2,66,118,37.8712,37.2259,0.322662,184,0.559322,NONE,COLD,28
light,28,5,0.01,20,40,3,66,118,37.8712,37.2304,0.320381,184,0.559322,NONE,COLD,28
light,28,5,0.01,20,40,4,66,118,37.872,37.2307,0.320665,184,0.559322,NONE,COLD,28
light,28,5,0.01,20,50,1,66,152,38.0738,37.2252,0.424311,218,0.434211,NONE,COLD,28
light,28,5,0.01,20,50,2,66,118,37.8681,37.2259,0.321142,184,0.559322,NONE,COLD,28
light,28,5,0.01,20,50,3,66,118,37.8712,37.2259,0.322662,184,0.559322,NONE,COLD,28
light,28,5,0.01,20,50,4,66,118,37.8714,37.2304,0.320492,184,0.559322,NONE,COLD,28
light,28,5,0.01,30,30,1,46,144,38.0194,37.2321,0.393648,190,0.319444,NONE,COLD,28
light,28,5,0.01,30,30,2,46,142,38.0096,37.233,0.388308,188,0.323944,NONE,COLD,28
light,28,5,0.01,30,30,3,46,142,38.0139,37.2331,0.390379,188,0.323944,NONE,COLD,28
light,28,5,0.01,30,30,4,44,142,38.0143,37.2372,0.388527,186,0.309859,NONE,COLD,28
light,28,5,0.01,30,40,1,46,150,38.058,37.2321,0.412987,196,0.306667,NONE,COLD,28
light,28,5,0.01,30,40,2,46,142,38.0096,37.233,0.388308,188,0.323944,NONE,COLD,28
light,28,5,0.01,30,40,3,46,142,38.0139,37.2369,0.388475,188,0.323944,NONE,COLD,28
light,28,5,0.01,30,40,4,44,142,38.0143,37.2372,0.388527,186,0.309859,NONE,COLD,28
light,28,5,0.01,30,50,1,46,164,38.144,37.2276,0.458195,210,0.280488,NONE,COLD,28
light,28,5,0.01,30,50,2,46,142,38.0096,37.2321,0.388765,188,0.323944,NONE,COLD,28
light,28,5,0.01,30,50,3,46,142,38.0097,37.2331,0.388309,188,0.323944,NONE,COLD,28
light,28,5,0.01,30,50,4,46,142,38.0139,37.2369,0.388475,188,0.323944,NONE,COLD,28
light,28,5,0.01,40,30,1,36,162,38.1321,37.241,0.445578,198,0.222222,NONE,COLD,28
light,28,5,0.01,40,30,2,36,162,38.1319,37.241,0.44548,198,0.222222,NONE,COLD,28
light,28,5,0.01,40,30,3,36,162,38.1319,37.241,0.44548,198,0.222222,NONE,COLD,28
light,28,5,0.01,40,30,4,36,162,38.1319,37.241,0.44548,198,0.222222,NONE,COLD,28
light,28,5,0.01,40,40,1,36,168,38.1726,37.2431,0.464714,204,0.214286,NONE,COLD,28
light,28,5,0.01,40,40,2,36,162,38.132,37.2422,0.444916,198,0.222222,NONE,COLD,28
light,28,5,0.01,40,40,3,36,162,38.132,37.2422,0.44491,198,0.222222,NONE,COLD,28
light,28,5,0.01,40,40,4,36,162,38.132,37.2422,0.44491,198,0.222222,NONE,COLD,28
light,28,15,0.1,20,30,1,84,156,37.9999,37.1061,0.446915,240,0.538462,NONE,COLD,28
light,28,15,0.1,20,30,2,84,150,37.9989,37.1061,0.446419,234,0.56,NONE,COLD,28
light,28,15,0.1,20,30,3,84,150,37.9993,37.1061,0.446619,234,0.56,NONE,COLD,28
light,28,15,0.1,20,30,4,84,150,37.9994,37.1061,0.446634,234,0.56,NONE,COLD,28
light,28,15,0.01,20,30,1,80,156,38.0612,37.1707,0.445253,236,0.512821,NONE,COLD,28
light,28,15,0.01,20,30,2,80,142,37.9687,37.1659,0.401402,222,0.56338,NONE,COLD,28
light,28,15,0.01,20,30,3,80,142,37.9637,37.1652,0.399244,222,0.56338,NONE,COLD,28
light,28,15,0.01,20,30,4,80,142,37.9632,37.161,0.401127,222,0.56338,NONE,COLD,28
medium,28,5,0.1,20,50,1,236,206,37.7999,37.2,0.299913,442,1.14563,NONE,COLD,28
medium,28,5,0.1,20,50,2,236,204,37.7999,37.2,0.299913,440,1.15686,NONE,COLD,28
medium,28,5,0.1,20,50,3,234,204,37.7999,37.2001,0.299904,438,1.14706,NONE,COLD,28
medium,28,5,0.1,20,50,4,234,204,37.7999,37.2001,0.299904,438,1.14706,NONE,COLD,28
medium,28,5,0.1,30,50,1,122,218,37.8,37.2006,0.299711,340,0.559633,NONE,COLD,28
medium,28,5,0.1,30,50,2,122,220,37.8,37.2004,0.29982,342,0.554545,NONE,COLD,28
medium,28,5,0.1,30,50,3,122,218,37.8,37.2006,0.299711,340,0.559633,NONE,COLD,28
medium,28,5,0.1,30,50,4,122,220,37.8,37.2004,0.29982,342,0.554545,NONE,COLD,28
medium,28,5,0.1,40,50,1,86,232,37.8,37.2009,0.299541,318,0.37069,NONE,COLD,28
medium,28,5,0.1,40,50,2,86,232,37.8,37.2009,0.299541,318,0.37069,NONE,COLD,28
medium,28,5,0.1,40,50,3,86,232,37.8,37.2015,0.299269,318,0.37069,NONE,COLD,28
medium,28,5,0.1,40,50,4,86,234,37.8,37.2009,0.299541,320,0.367521,NONE,COLD,28
medium,28,5,0.01,20,50,1,204,176,37.729,37.2608,0.234144,380,1.15909,NONE,COLD,28
medium,28,5,0.01,20,50,2,204,178,37.7345,37.2607,0.236929,382,1.14607,NONE,COLD,28
medium,28,5,0.01,20,50,3,204,178,37.7345,37.2607,0.236931,382,1.14607,NONE,COLD,28
medium,28,5,0.01,20,50,4,204,178,37.7296,37.2607,0.234474,382,1.14607,NONE,COLD,28
medium,28,5,0.01,30,50,1,108,194,37.772,37.2664,0.252789,302,0.556701,NONE,COLD,28
medium,28,5,0.01,30,50,2,108,194,37.775,37.2665,0.254255,302,0.556701,NONE,COLD,28
medium,28,5,0.01,30,50,3,108,196,37.7775,37.2626,0.257429,304,0.55102,NONE,COLD,28
medium,28,5,0.01,30,50,4,108,194,37.769,37.2631,0.252953,302,0.556701,NONE,COLD,28
medium,28,5,0.01,40,50,1,78,210,37.8155,37.2716,0.271961,288,0.371429,NONE,COLD,28
medium,28,5,0.01,40,50,2,78,214,37.8192,37.2642,0.277538,292,0.364486,NONE,COLD,28
medium,28,5,0.01,40,50,3,78,212,37.8174,37.2679,0.274754,290,0.367925,NONE,COLD,28
medium,28,5,0.01,40,50,4,78,212,37.8187,37.2716,0.273579,290,0.367925,NONE,COLD,28
medium,28,15,0.1,20,50,1,256,222,37.8,37.2,0.299995,478,1.15315,NONE,COLD,28
medium,28,15,0.1,20,50,2,256,222,37.8,37.2,0.299995,478,1.15315,NONE,COLD,28
medium,28,15,0.1,20,50,3,258,222,37.8,37.2,0.299995,480,1.16216,NONE,COLD,28
medium,28,15,0.1,30,50,1,138,246,37.894,37.2,0.346987,384,0.560976,NONE,COLD,28
medium,28,15,0.1,30,50,2,138,248,37.8977,37.2,0.34882,386,0.556452,NONE,COLD,28
medium,28,15,0.1,30,50,3,138,248,37.8977,37.2,0.34882,386,0.556452,NONE,COLD,28
medium,28,15,0.1,30,50,4,138,248,37.8977,37.2,0.34882,386,0.556452,NONE,COLD,28
medium,28,15,0.1,40,50,1,100,270,37.9,37.2,0.349981,370,0.37037,NONE,COLD,28
medium,28,15,0.1,40,50,2,100,272,37.9,37.2,0.349981,372,0.367647,NONE,COLD,28
medium,28,15,0.1,40,50,3,100,270,37.9,37.2,0.349981,370,0.37037,NONE,COLD,28
medium,28,15,0.1,40,50,4,100,272,37.9,37.2,0.349981,372,0.367647,NONE,COLD,28
medium,28,15,0.01,20,50,1,224,194,37.7537,37.231,0.261374,418,1.15464,NONE,COLD,28
medium,28,15,0.01,20,50,2,224,194,37.756,37.2316,0.262205,418,1.15464,NONE,COLD,28
medium,28,15,0.01,20,50,3,224,194,37.7562,37.2326,0.261812,418,1.15464,NONE,COLD,28
medium,28,15,0.01,20,50,4,226,196,37.7584,37.2308,0.263838,422,1.15306,NONE,COLD,28
medium,28,15,0.01,30,50,1,122,220,37.819,37.2411,0.288967,342,0.554545,NONE,COLD,28
medium,28,15,0.01,30,50,2,122,218,37.8181,37.2412,0.28842,340,0.559633,NONE,COLD,28
medium,28,15,0.01,30,50,3,124,220,37.8184,37.2364,0.290993,344,0.563636,NONE,COLD,28
medium,28,15,0.01,30,50,4,122,220,37.819,37.2411,0.288967,342,0.554545,NONE,COLD,28
medium,28,15,0.01,40,50,1,92,244,37.8862,37.2417,0.322252,336,0.377049,NONE,COLD,28
medium,28,15,0.01,40,50,2,92,248,37.898,37.2417,0.328157,340,0.370968,NONE,COLD,28
medium,28,15,0.01,40,50,3,92,248,37.8977,37.2416,0.328022,340,0.370968,NONE,COLD,28
medium,28,15,0.01,40,50,4,92,248,37.8977,37.2416,0.328024,340,0.370968,NONE,COLD,28
medium,28,30,0.1,20,50,1,288,260,37.8985,37.2,0.34927,548,1.10769,NONE,COLD,28
medium,28,30,0.1,20,50,2,288,252,37.8,37.1391,0.330463,540,1.14286,NONE,COLD,28
medium,28,30,0.1,20,50,3,286,250,37.8,37.2,0.299995,536,1.144,NONE,COLD,28
medium,28,30,0.1,30,50,1,160,292,37.9,37.2,0.349997,452,0.547945,NONE,COLD,28
medium,28,30,0.1,30,50,2,160,284,37.9,37.2,0.349997,444,0.56338,NONE,COLD,28
medium,28,30,0.1,30,50,3,160,286,37.9,37.2,0.349997,446,0.559441,NONE,COLD,28
medium,28,30,0.1,30,50,4,160,286,37.9,37.2,0.349997,446,0.559441,NONE,COLD,28
medium,28,30,0.1,40,50,1,120,326,38,37.2,0.399996,446,0.368098,NONE,COLD,28
medium,28,30,0.1,40,50,2,120,324,38,37.2,0.399996,444,0.37037,NONE,COLD,28
medium,28,30,0.1,40,50,3,120,324,38,37.2,0.399996,444,0.37037,NONE,COLD,28
medium,28,30,0.1,40,50,4,120,326,38,37.2,0.399996,446,0.368098,NONE,COLD,28
medium,28,30,0.01,20,50,1,254,236,37.8375,37.1919,0.322775,490,1.07627,NONE,COLD,28
medium,28,30,0.01,20,50,2,256,222,37.7894,37.191,0.2992,478,1.15315,NONE,COLD,28
medium,28,30,0.01,20,50,3,256,222,37.789,37.1906,0.299215,478,1.15315,NONE,COLD,28
medium,28,30,0.01,30,50,1,146,272,37.9284,37.1941,0.367172,418,0.536765,NONE,COLD,28
medium,28,30,0.01,30,50,2,146,260,37.8969,37.197,0.349939,406,0.561538,NONE,COLD,28
medium,28,30,0.01,30,50,3,146,262,37.8984,37.194,0.352192,408,0.557252,NONE,COLD,28
medium,28,30,0.01,30,50,4,146,260,37.895,37.1944,0.350319,406,0.561538,NONE,COLD,28
medium,28,30,0.01,40,50,1,112,304,38.0184,37.2017,0.408346,416,0.368421,NONE,COLD,28
medium,28,30,0.01,40,50,2,112,302,38.0091,37.1965,0.406319,414,0.370861,NONE,COLD,28
medium,28,30,0.01,40,50,3,112,302,38.009,37.1965,0.40625,414,0.370861,NONE,COLD,28
medium,28,30,0.01,40,50,4,112,302,38.0084,37.1964,0.405973,414,0.370861,NONE,COLD,28
medium,28,60,0.01,20,50,1,318,370,38.1445,37.1055,0.519493,688,0.859459,NONE,COLD,28
medium,28,60,0.01,20,50,2,318,278,37.8666,37.1055,0.380527,596,1.14388,NONE,COLD,28
light,20,5,0.1,20,30,1,126,66,37.7994,37.1026,0.348413,192,1.90909,NONE,NEAR_SP,37
light,20,5,0.1,20,30,2,130,68,37.7994,37.1007,0.349377,198,1.91176,NONE,NEAR_SP,37
light,20,5,0.1,20,30,3,128,66,37.7994,37.1016,0.348904,194,1.93939,NONE,NEAR_SP,37
light,20,5,0.1,20,30,4,130,68,37.7994,37.1007,0.34938,198,1.91176,NONE,NEAR_SP,37
light,20,5,0.1,30,30,1,62,78,37.8972,37.1112,0.393028,140,0.794872,NONE,NEAR_SP,37
light,20,5,0.1,30,30,2,62,78,37.8972,37.1112,0.392988,140,0.794872,NONE,NEAR_SP,37
light,20,5,0.1,30,30,3,62,78,37.8988,37.1272,0.385822,140,0.794872,NONE,NEAR_SP,37
light,20,5,0.1,30,30,4,62,80,37.8988,37.1112,0.393837,142,0.775,NONE,NEAR_SP,37
light,20,5,0.1,40,30,1,46,90,37.998,37.1178,0.440065,136,0.511111,NONE,NEAR_SP,37
light,20,5,0.1,40,30,2,46,92,37.9994,37.1288,0.435331,138,0.5,NONE,NEAR_SP,37
light,20,5,0.1,40,30,3,46,92,37.9995,37.1435,0.428024,138,0.5,NONE,NEAR_SP,37
light,20,5,0.1,40,30,4,46,94,38.0695,37.1178,0.475819,140,0.489362,NONE,NEAR_SP,37
light,20,5,0.01,20,30,1,122,64,37.7717,37.1319,0.31987,186,1.90625,NONE,NEAR_SP,37
light,20,5,0.01,20,30,2,122,64,37.7708,37.1289,0.320959,186,1.90625,NONE,NEAR_SP,37
light,20,5,0.01,20,30,3,122,64,37.7657,37.1244,0.32062,186,1.90625,NONE,NEAR_SP,37
light,20,5,0.01,20,30,4,122,64,37.7625,37.1243,0.319075,186,1.90625,NONE,NEAR_SP,37
light,20,5,0.01,30,30,1,60,76,37.8841,37.1615,0.361286,136,0.789474,NONE,NEAR_SP,37
light,20,5,0.01,30,30,2,62,78,37.8881,37.1511,0.368486,140,0.794872,NONE,NEAR_SP,37
light,20,5,0.01,30,30,3,60,78,37.8986,37.1609,0.368895,138,0.769231,NONE,NEAR_SP,37
light,20,5,0.01,30,30,4,60,76,37.8824,37.1711,0.355658,136,0.789474,NONE,NEAR_SP,37
light,20,5,0.01,40,30,1,46,92,38.0441,37.1731,0.435474,138,0.5,NONE,NEAR_SP,37
light,20,5,0.01,40,30,2,44,92,38.0466,37.1781,0.434244,136,0.478261,NONE,NEAR_SP,37
light,20,5,0.01,40,30,3,46,88,38.0007,37.1748,0.412968,134,0.522727,NONE,NEAR_SP,37
light,20,5,0.01,40,30,4,44,92,38.0503,37.183,0.433615,136,0.478261,NONE,NEAR_SP,37
light,20,15,0.1,20,30,1,154,82,37.8939,37.0007,0.446611,236,1.87805,NONE,NEAR_SP,37
light,20,15,0.1,20,30,2,154,80,37.8752,37.0007,0.437279,234,1.925,NONE,NEAR_SP,37
light,20,15,0.1,20,30,3,154,80,37.8752,37.0007,0.437279,234,1.925,NONE,NEAR_SP,37
light,20,15,0.1,20,30,4,154,80,37.8752,37.0007,0.437279,234,1.925,NONE,NEAR_SP,37
light,20,15,0.1,30,30,1,80,100,38.0538,37.0112,0.521322,180,0.8,NONE,NEAR_SP,37
light,20,15,0.1,30,30,2,80,102,38.0886,37.0066,0.54096,182,0.784314,NONE,NEAR_SP,37
light,20,15,0.1,30,30,3,80,102,38.0886,37.0066,0.54096,182,0.784314,NONE,NEAR_SP,37
light,20,15,0.1,30,30,4,80,102,38.0803,37.0044,0.537945,182,0.784314,NONE,NEAR_SP,37
light,20,15,0.01,20,30,1,150,82,37.8589,37.0143,0.422308,232,1.82927,NONE,NEAR_SP,37
light,20,15,0.01,20,30,2,150,80,37.8295,37.0088,0.410334,230,1.875,NONE,NEAR_SP,37
light,20,15,0.01,20,30,3,148,78,37.8253,37.0288,0.398232,226,1.89744,NONE,NEAR_SP,37
light,20,15,0.01,20,30,4,150,78,37.8232,37.0144,0.4044,228,1.92308,NONE,NEAR_SP,37
light,20,15,0.01,30,30,1,78,100,38.0399,37.0408,0.499552,178,0.78,NONE,NEAR_SP,37
light,20,15,0.01,30,30,2,78,100,38.0286,37.0375,0.495581,178,0.78,NONE,NEAR_SP,37
light,20,15,0.01,30,30,3,78,100,38.0284,37.0322,0.498112,178,0.78,NONE,NEAR_SP,37
light,20,15,0.01,30,30,4,78,100,38.0282,37.0322,0.498003,178,0.78,NONE,NEAR_SP,37
light,20,30,0.1,20,30,1,198,114,38.0938,36.8027,0.645523,312,1.73684,NONE,NEAR_SP,37
light,20,30,0.1,20,30,2,198,106,37.9752,36.8017,0.586761,304,1.86792,NONE,NEAR_SP,37
light,20,30,0.1,20,30,3,196,104,37.9752,36.8112,0.582035,300,1.88462,NONE,NEAR_SP,37
light,20,30,0.1,20,30,4,198,104,37.9604,36.8041,0.578108,302,1.90385,NONE,NEAR_SP,37
light,20,30,0.01,20,30,1,188,112,38.0592,36.8559,0.601622,300,1.67857,NONE,NEAR_SP,37
light,20,30,0.01,20,30,2,190,100,37.9091,36.8533,0.527908,290,1.9,NONE,NEAR_SP,37
light,20,30,0.01,20,30,3,190,100,37.9149,36.8509,0.532005,290,1.9,NONE,NEAR_SP,37
light,20,30,0.01,20,30,4,190,100,37.9149,36.8509,0.532021,290,1.9,NONE,NEAR_SP,37
light,25,5,0.1,20,30,1,82,92,37.7999,37.2001,0.299894,174,0.891304,NONE,NEAR_SP,37
light,25,5,0.1,20,30,2,84,92,37.7999,37.2001,0.299906,176,0.913043,NONE,NEAR_SP,37
light,25,5,0.1,20,30,3,82,94,37.874,37.2001,0.336943,176,0.87234,NONE,NEAR_SP,37
light,25,5,0.1,20,30,4,84,92,37.7999,37.2001,0.299906,176,0.913043,NONE,NEAR_SP,37
light,25,5,0.1,30,30,1,50,110,37.9874,37.2006,0.393385,160,0.454545,NONE,NEAR_SP,37
light,25,5,0.1,30,30,2,50,108,37.8999,37.2006,0.349638,158,0.462963,NONE,NEAR_SP,37
light,25,5,0.1,30,30,3,50,108,37.8999,37.2006,0.349638,158,0.462963,NONE,NEAR_SP,37
light,25,5,0.1,30,30,4,50,108,37.8999,37.2006,0.349638,158,0.462963,NONE,NEAR_SP,37
light,25,5,0.1,40,30,1,42,126,38.0962,37.2015,0.44734,168,0.333333,NONE,NEAR_SP,37
light,25,5,0.01,20,30,1,78,88,37.8223,37.2015,0.310402,166,0.886364,NONE,NEAR_SP,37
light,25,5,0.01,20,30,2,80,90,37.8225,37.1897,0.316404,170,0.888889,NONE,NEAR_SP,37
light,25,5,0.01,20,30,3,78,88,37.8235,37.2004,0.31155,166,0.886364,NONE,NEAR_SP,37
light,25,5,0.01,20,30,4,78,88,37.8213,37.2015,0.309898,166,0.886364,NONE,NEAR_SP,37
light,25,5,0.01,30,30,1,50,108,37.9523,37.201,0.375671,158,0.462963,NONE,NEAR_SP,37
light,25,5,0.01,30,30,2,50,106,37.9523,37.2137,0.36932,156,0.471698,NONE,NEAR_SP,37
light,25,5,0.01,30,30,3,50,108,37.968,37.212,0.377979,158,0.462963,NONE,NEAR_SP,37
light,25,5,0.01,30,30,4,50,108,37.9624,37.211,0.375687,158,0.462963,NONE,NEAR_SP,37
light,25,5,0.01,40,30,1,40,122,38.0676,37.2147,0.426449,162,0.327869,NONE,NEAR_SP,37
light,25,5,0.01,40,30,2,40,128,38.1111,37.2093,0.45088,168,0.3125,NONE,NEAR_SP,37
light,25,5,0.01,40,30,3,40,126,38.1019,37.2231,0.439419,166,0.31746,NONE,NEAR_SP,37
light,25,5,0.01,40,30,4,40,128,38.1157,37.2145,0.450628,168,0.3125,NONE,NEAR_SP,37
light,25,15,0.1,20,30,1,100,116,37.9934,37.1006,0.446383,216,0.862069,NONE,NEAR_SP,37
light,25,15,0.1,20,30,2,102,112,37.8999,37.1004,0.399738,214,0.910714,NONE,NEAR_SP,37
light,25,15,0.1,20,30,3,102,116,37.8999,37.1002,0.399853,218,0.87931,NONE,NEAR_SP,37
light,25,15,0.1,20,30,4,102,114,37.8999,37.1004,0.399767,216,0.894737,NONE,NEAR_SP,37
light,25,15,0.1,30,30,1,66,140,38.0998,37.1015,0.499123,206,0.471429,NONE,NEAR_SP,37
light,25,15,0.01,20,30,1,98,114,37.9579,37.1153,0.421289,212,0.859649,NONE,NEAR_SP,37
light,25,15,0.01,20,30,2,98,110,37.9186,37.1114,0.403641,208,0.890909,NONE,NEAR_SP,37
light,25,15,0.01,20,30,3,98,110,37.9138,37.1098,0.402006,208,0.890909,NONE,NEAR_SP,37
light,25,15,0.01,20,30,4,98,110,37.9136,37.1093,0.402157,208,0.890909,NONE,NEAR_SP,37
light,25,15,0.01,30,30,1,64,136,38.1198,37.1306,0.494608,200,0.470588,NONE,NEAR_SP,37
light,25,15,0.01,30,30,2,64,136,38.1286,37.1311,0.498766,200,0.470588,NONE,NEAR_SP,37
light,25,15,0.01,30,30,3,64,138,38.129,37.1206,0.504173,202,0.463768,NONE,NEAR_SP,37
light,25,15,0.01,30,30,4,64,136,38.1189,37.1222,0.498343,200,0.470588,NONE,NEAR_SP,37
light,28,5,0.1,20,30,1,70,122,37.8958,37.2004,0.347723,192,0.57377,NONE,NEAR_SP,37
light,28,5,0.1,20,30,2,68,122,37.8983,37.2004,0.348967,190,0.557377,NONE,NEAR_SP,37
light,28,5,0.1,20,30,3,68,120,37.8959,37.2006,0.347637,188,0.566667,NONE,NEAR_SP,37
light,28,5,0.1,20,30,4,70,122,37.8959,37.2004,0.347746,192,0.57377,NONE,NEAR_SP,37
light,28,5,0.1,30,30,1,46,146,37.9995,37.2015,0.39901,192,0.315068,NONE,NEAR_SP,37
light,28,5,0.1,30,30,2,46,142,37.9992,37.2015,0.398863,188,0.323944,NONE,NEAR_SP,37
light,28,5,0.1,30,30,3,46,144,37.9992,37.2015,0.398863,190,0.319444,NONE,NEAR_SP,37
light,28,5,0.1,30,30,4,46,142,37.9986,37.2015,0.398561,188,0.323944,NONE,NEAR_SP,37
light,28,5,0.01,20,30,1,66,116,37.8634,37.2268,0.318306,182,0.568966,NONE,NEAR_SP,37
light,28,5,0.01,20,30,2,66,118,37.8715,37.2307,0.320379,184,0.559322,NONE,NEAR_SP,37
light,28,5,0.01,20,30,3,64,118,37.8729,37.2309,0.321011,182,0.542373,NONE,NEAR_SP,37
light,28,5,0.01,20,30,4,64,112,37.8402,37.231,0.304638,176,0.571429,NONE,NEAR_SP,37
light,28,5,0.01,30,30,1,44,140,37.9994,37.2376,0.380894,184,0.314286,NONE,NEAR_SP,37
light,28,5,0.01,30,30,2,44,138,37.9837,37.2369,0.373363,182,0.318841,NONE,NEAR_SP,37
light,28,5,0.01,30,30,3,46,138,37.9828,37.233,0.374922,184,0.333333,NONE,NEAR_SP,37
light,28,5,0.01,30,30,4,46,142,38.0139,37.2331,0.390379,188,0.323944,NONE,NEAR_SP,37
light,28,5,0.01,40,30,1,36,160,38.1121,37.2333,0.439417,196,0.225,NONE,NEAR_SP,37
light,28,5,0.01,40,30,2,36,162,38.1227,37.2333,0.444679,198,0.222222,NONE,NEAR_SP,37
light,28,5,0.01,40,30,3,36,162,38.1254,37.2394,0.44301,198,0.222222,NONE,NEAR_SP,37
light,28,5,0.01,40,30,4,36,162,38.1278,37.2405,0.443628,198,0.222222,NONE,NEAR_SP,37
light,28,15,0.1,20,30,1,84,156,37.9999,37.1061,0.446917,240,0.538462,NONE,NEAR_SP,37
light,28,15,0.1,20,30,2,84,150,37.9994,37.1061,0.446634,234,0.56,NONE,NEAR_SP,37
light,28,15,0.1,20,30,3,84,150,37.9994,37.1061,0.446634,234,0.56,NONE,NEAR_SP,37
light,28,15,0.1,20,30,4,84,150,37.9994,37.1097,0.444843,234,0.56,NONE,NEAR_SP,37
light,28,15,0.01,20,30,1,80,158,38.0656,37.1609,0.452316,238,0.506329,NONE,NEAR_SP,37
light,28,15,0.01,20,30,2,80,140,37.959,37.171,0.394037,220,0.571429,NONE,NEAR_SP,37
light,28,15,0.01,20,30,3,80,142,37.9687,37.1703,0.399168,222,0.56338,NONE,NEAR_SP,37
light,28,15,0.01,20,30,4,80,142,37.9639,37.1658,0.399067,222,0.56338,NONE,NEAR_SP,37
medium,20,5,0.1,30,30,1,226,118,37.7994,37.2,0.299713,344,1.91525,NONE,NEAR_SP,37
medium,20,5,0.1,30,30,2,226,118,37.7994,37.2,0.299713,344,1.91525,NONE,NEAR_SP,37
medium,20,5,0.1,30,30,3,228,118,37.7991,37.2,0.299541,346,1.9322,NONE,NEAR_SP,37
medium,20,5,0.1,30,30,4,228,120,37.7996,37.2,0.29982,348,1.9,NONE,NEAR_SP,37
medium,20,5,0.1,40,30,1,124,128,37.7999,37.2001,0.299946,252,0.96875,NONE,NEAR_SP,37
medium,20,5,0.1,40,30,2,124,126,37.7999,37.2001,0.299911,250,0.984127,NONE,NEAR_SP,37
medium,20,5,0.1,40,30,3,124,128,37.7999,37.2001,0.299929,252,0.96875,NONE,NEAR_SP,37
medium,20,5,0.1,40,30,4,124,128,37.7999,37.2001,0.299946,252,0.96875,NONE,NEAR_SP,37
medium,20,5,0.01,30,30,1,202,106,37.7336,37.225,0.254299,308,1.90566,NONE,NEAR_SP,37
medium,20,5,0.01,30,30,2,202,106,37.7356,37.2212,0.257198,308,1.90566,NONE,NEAR_SP,37
medium,20,5,0.01,30,30,3,200,104,37.7284,37.2306,0.248878,304,1.92308,NONE,NEAR_SP,37
medium,20,5,0.01,30,30,4,200,104,37.729,37.2312,0.248888,304,1.92308,NONE,NEAR_SP,37
medium,20,5,0.01,40,30,1,112,114,37.7634,37.2341,0.264664,226,0.982456,NONE,NEAR_SP,37
medium,20,5,0.01,40,30,2,110,114,37.768,37.2365,0.265762,224,0.964912,NONE,NEAR_SP,37
medium,20,5,0.01,40,30,3,112,114,37.762,37.2281,0.266951,226,0.982456,NONE,NEAR_SP,37
medium,20,5,0.01,40,30,4,112,114,37.7659,37.2341,0.265928,226,0.982456,NONE,NEAR_SP,37
medium,20,15,0.1,30,30,1,254,134,37.8,37.1038,0.348112,388,1.89552,NONE,NEAR_SP,37
medium,20,15,0.1,30,30,2,256,134,37.8,37.1023,0.348818,390,1.91045,NONE,NEAR_SP,37
medium,20,15,0.1,30,30,3,256,134,37.8,37.1015,0.349258,390,1.91045,NONE,NEAR_SP,37
medium,20,15,0.1,30,30,4,256,134,37.8,37.1015,0.349258,390,1.91045,NONE,NEAR_SP,37
medium,20,15,0.1,40,30,1,142,146,37.8846,37.1154,0.384602,288,0.972603,NONE,NEAR_SP,37
medium,20,15,0.1,40,30,2,142,146,37.8846,37.1154,0.384602,288,0.972603,NONE,NEAR_SP,37
medium,20,15,0.1,40,30,3,142,146,37.8846,37.1154,0.384602,288,0.972603,NONE,NEAR_SP,37
medium,20,15,0.1,40,30,4,142,146,37.8846,37.1154,0.384602,288,0.972603,NONE,NEAR_SP,37
medium,20,15,0.01,30,30,1,228,120,37.7584,37.175,0.291719,348,1.9,NONE,NEAR_SP,37
medium,20,15,0.01,30,30,2,228,120,37.7575,37.175,0.291252,348,1.9,NONE,NEAR_SP,37
medium,20,15,0.01,30,30,3,228,120,37.7575,37.175,0.291254,348,1.9,NONE,NEAR_SP,37
medium,20,15,0.01,30,30,4,228,120,37.7575,37.178,0.289759,348,1.9,NONE,NEAR_SP,37
medium,20,15,0.01,40,30,1,130,134,37.8259,37.1865,0.319698,264,0.970149,NONE,NEAR_SP,37
medium,20,15,0.01,40,30,2,130,134,37.8219,37.1841,0.318932,264,0.970149,NONE,NEAR_SP,37
medium,20,15,0.01,40,30,3,130,134,37.8182,37.1841,0.317053,264,0.970149,NONE,NEAR_SP,37
medium,20,15,0.01,40,30,4,130,134,37.8159,37.1818,0.317051,264,0.970149,NONE,NEAR_SP,37
medium,20,30,0.1,30,30,1,298,156,37.8,37.1,0.349997,454,1.91026,NONE,NEAR_SP,37
medium,20,30,0.1,30,30,2,298,156,37.8,37.1,0.349997,454,1.91026,NONE,NEAR_SP,37
medium,20,30,0.1,30,30,3,296,156,37.8,37.1,0.349997,452,1.89744,NONE,NEAR_SP,37
medium,20,30,0.1,30,30,4,296,156,37.8,37.1,0.349997,452,1.89744,NONE,NEAR_SP,37
medium,20,30,0.1,40,30,1,172,176,37.9,37.1,0.399996,348,0.977273,NONE,NEAR_SP,37
medium,20,30,0.1,40,30,2,172,178,37.9,37.1,0.399998,350,0.966292,NONE,NEAR_SP,37
medium,20,30,0.1,40,30,3,172,176,37.9,37.1,0.399996,348,0.977273,NONE,NEAR_SP,37
medium,20,30,0.1,40,30,4,172,178,37.9,37.1,0.399998,350,0.966292,NONE,NEAR_SP,37
medium,20,30,0.01,30,30,1,270,142,37.7984,37.1016,0.348421,412,1.90141,NONE,NEAR_SP,37
medium,20,30,0.01,30,30,2,272,144,37.7984,37.0931,0.352657,416,1.88889,NONE,NEAR_SP,37
medium,20,30,0.01,30,30,3,270,142,37.7984,37.1016,0.348421,412,1.90141,NONE,NEAR_SP,37
medium,20,30,0.01,30,30,4,272,144,37.7984,37.0931,0.352657,416,1.88889,NONE,NEAR_SP,37
medium,20,30,0.01,40,30,1,160,164,37.8957,37.1025,0.396578,324,0.97561,NONE,NEAR_SP,37
medium,20,30,0.01,40,30,2,160,164,37.8974,37.1026,0.397448,324,0.97561,NONE,NEAR_SP,37
medium,20,30,0.01,40,30,3,160,164,37.8998,37.1059,0.39695,324,0.97561,NONE,NEAR_SP,37
medium,20,30,0.01,40,30,4,158,164,37.9041,37.1102,0.39695,322,0.963415,NONE,NEAR_SP,37
medium,20,60,0.1,30,30,1,380,202,37.9,36.9,0.499987,582,1.88119,NONE,NEAR_SP,37
medium,20,60,0.1,30,30,2,378,200,37.9,36.9001,0.499971,578,1.89,NONE,NEAR_SP,37
medium,20,60,0.1,30,30,3,380,202,37.9,36.9,0.499987,582,1.88119,NONE,NEAR_SP,37
medium,20,60,0.1,40,30,1,228,236,38.0999,36.9006,0.59964,464,0.966102,NONE,NEAR_SP,37
medium,20,60,0.1,40,30,2,230,236,38.0998,36.9004,0.599707,466,0.974576,NONE,NEAR_SP,37
medium,20,60,0.1,40,30,3,230,236,38.0999,36.9004,0.599749,466,0.974576,NONE,NEAR_SP,37
medium,20,60,0.1,40,30,4,230,236,38.0999,36.9004,0.599749,466,0.974576,NONE,NEAR_SP,37
medium,20,60,0.01,30,30,1,356,188,37.8775,36.941,0.468248,544,1.89362,NONE,NEAR_SP,37
medium,20,60,0.01,30,30,2,354,188,37.8784,36.9425,0.467945,542,1.88298,NONE,NEAR_SP,37
medium,20,60,0.01,30,30,3,354,188,37.8784,36.9431,0.467655,542,1.88298,NONE,NEAR_SP,37
medium,20,60,0.01,30,30,4,354,188,37.8784,36.9431,0.467659,542,1.88298,NONE,NEAR_SP,37
medium,20,60,0.01,40,30,1,216,222,38.0574,36.9565,0.550468,438,0.972973,NONE,NEAR_SP,37
medium,20,60,0.01,40,30,2,218,224,38.0574,36.9525,0.552448,442,0.973214,NONE,NEAR_SP,37
medium,20,60,0.01,40,30,3,218,224,38.0575,36.9502,0.553646,442,0.973214,NONE,NEAR_SP,37
medium,20,60,0.01,40,30,4,218,224,38.0575,36.9502,0.553646,442,0.973214,NONE,NEAR_SP,37
medium,25,5,0.1,20,30,1,370,156,37.7991,37.2,0.299541,526,2.37179,NONE,NEAR_SP,37
medium,25,5,0.1,20,30,2,366,154,37.7985,37.2,0.299269,520,2.37662,NONE,NEAR_SP,37
medium,25,5,0.1,20,30,3,368,156,37.7991,37.2,0.299541,524,2.35897,NONE,NEAR_SP,37
medium,25,5,0.1,20,30,4,370,156,37.7991,37.2,0.299541,526,2.37179,NONE,NEAR_SP,37
medium,25,5,0.1,30,30,1,148,168,37.8,37.2001,0.299913,316,0.880952,NONE,NEAR_SP,37
medium,25,5,0.1,30,30,2,148,166,37.7999,37.2001,0.299904,314,0.891566,NONE,NEAR_SP,37
medium,25,5,0.1,30,30,3,148,166,37.7999,37.2001,0.299904,314,0.891566,NONE,NEAR_SP,37
medium,25,5,0.1,30,30,4,148,166,37.7999,37.2001,0.299904,314,0.891566,NONE,NEAR_SP,37
medium,25,5,0.1,40,30,1,96,176,37.8,37.2006,0.299713,272,0.545455,NONE,NEAR_SP,37
medium,25,5,0.1,40,30,2,98,178,37.8,37.2004,0.29982,276,0.550562,NONE,NEAR_SP,37
medium,25,5,0.1,40,30,3,96,178,37.8,37.2006,0.299713,274,0.539326,NONE,NEAR_SP,37
medium,25,5,0.1,40,30,4,96,176,37.8,37.2006,0.299713,272,0.545455,NONE,NEAR_SP,37
medium,25,5,0.01,20,30,1,316,134,37.7188,37.2427,0.238049,450,2.35821,NONE,NEAR_SP,37
medium,25,5,0.01,20,30,2,318,134,37.718,37.2407,0.238649,452,2.37313,NONE,NEAR_SP,37
medium,25,5,0.01,20,30,3,316,134,37.7182,37.2415,0.238329,450,2.35821,NONE,NEAR_SP,37
medium,25,5,0.01,20,30,4,314,132,37.7171,37.2502,0.233446,446,2.37879,NONE,NEAR_SP,37
medium,25,5,0.01,30,30,1,130,146,37.7524,37.2529,0.249739,276,0.890411,NONE,NEAR_SP,37
medium,25,5,0.01,30,30,2,130,146,37.7527,37.2529,0.249865,276,0.890411,NONE,NEAR_SP,37
medium,25,5,0.01,30,30,3,130,146,37.7526,37.2528,0.249903,276,0.890411,NONE,NEAR_SP,37
medium,25,5,0.01,30,30,4,130,146,37.7491,37.2523,0.248419,276,0.890411,NONE,NEAR_SP,37
medium,25,5,0.01,40,30,1,88,160,37.7979,37.2575,0.270187,248,0.55,NONE,NEAR_SP,37
medium,25,5,0.01,40,30,2,88,162,37.8011,37.2536,0.273764,250,0.54321,NONE,NEAR_SP,37
medium,25,5,0.01,40,30,3,88,160,37.7973,37.2575,0.269863,248,0.55,NONE,NEAR_SP,37
medium,25,5,0.01,40,30,4,88,162,37.7988,37.2536,0.272598,250,0.54321,NONE,NEAR_SP,37
medium,25,15,0.1,20,30,1,400,168,37.8,37.2,0.29998,568,2.38095,NONE,NEAR_SP,37
medium,25,15,0.1,20,30,2,402,170,37.8,37.2,0.29998,572,2.36471,NONE,NEAR_SP,37
medium,25,15,0.1,20,30,3,400,170,37.8,37.2,0.299986,570,2.35294,NONE,NEAR_SP,37
medium,25,15,0.1,20,30,4,398,168,37.8,37.2,0.29998,566,2.36905,NONE,NEAR_SP,37
medium,25,15,0.1,30,30,1,166,188,37.8,37.2,0.299995,354,0.882979,NONE,NEAR_SP,37
medium,25,15,0.1,30,30,2,166,188,37.8,37.2,0.299995,354,0.882979,NONE,NEAR_SP,37
medium,25,15,0.1,30,30,3,166,186,37.8,37.2,0.299995,352,0.892473,NONE,NEAR_SP,37
medium,25,15,0.1,30,30,4,166,186,37.8,37.2,0.299995,352,0.892473,NONE,NEAR_SP,37
medium,25,15,0.1,40,30,1,112,204,37.8999,37.2,0.349924,316,0.54902,NONE,NEAR_SP,37
medium,25,15,0.1,40,30,2,112,204,37.8999,37.2,0.349947,316,0.54902,NONE,NEAR_SP,37
medium,25,15,0.1,40,30,3,112,206,37.8999,37.2,0.349966,318,0.543689,NONE,NEAR_SP,37
medium,25,15,0.1,40,30,4,112,204,37.8999,37.2,0.349922,316,0.54902,NONE,NEAR_SP,37
medium,25,15,0.01,20,30,1,350,148,37.7295,37.2057,0.261887,498,2.36486,NONE,NEAR_SP,37
medium,25,15,0.01,20,30,2,348,148,37.7297,37.2102,0.259758,496,2.35135,NONE,NEAR_SP,37
medium,25,15,0.01,20,30,3,348,148,37.7295,37.2102,0.259663,496,2.35135,NONE,NEAR_SP,37
medium,25,15,0.01,20,30,4,348,148,37.7295,37.2103,0.2596,496,2.35135,NONE,NEAR_SP,37
medium,25,15,0.01,30,30,1,150,168,37.7927,37.2128,0.289909,318,0.892857,NONE,NEAR_SP,37
medium,25,15,0.01,30,30,2,150,170,37.7981,37.2123,0.292912,320,0.882353,NONE,NEAR_SP,37
medium,25,15,0.01,30,30,3,148,168,37.7981,37.2213,0.288387,316,0.880952,NONE,NEAR_SP,37
medium,25,15,0.01,30,30,4,150,168,37.7966,37.2123,0.292149,318,0.892857,NONE,NEAR_SP,37
medium,25,15,0.01,40,30,1,104,190,37.8675,37.2173,0.325134,294,0.547368,NONE,NEAR_SP,37
medium,25,15,0.01,40,30,2,102,188,37.8676,37.2229,0.322304,290,0.542553,NONE,NEAR_SP,37
medium,25,15,0.01,40,30,3,104,188,37.8608,37.2175,0.321615,292,0.553191,NONE,NEAR_SP,37
medium,25,15,0.01,40,30,4,104,190,37.8681,37.2158,0.326126,294,0.547368,NONE,NEAR_SP,37
medium,25,30,0.1,20,30,1,446,190,37.8,37.1,0.349997,636,2.34737,NONE,NEAR_SP,37
medium,25,30,0.1,20,30,2,446,190,37.8,37.1,0.349997,636,2.34737,NONE,NEAR_SP,37
medium,25,30,0.1,20,30,3,448,190,37.8,37.1,0.349997,638,2.35789,NONE,NEAR_SP,37
medium,25,30,0.1,30,30,1,194,218,37.9,37.1004,0.399807,412,0.889908,NONE,NEAR_SP,37
medium,25,30,0.1,30,30,2,192,218,37.9,37.1006,0.3997,410,0.880734,NONE,NEAR_SP,37
medium,25,30,0.1,30,30,3,194,218,37.9,37.1004,0.399807,412,0.889908,NONE,NEAR_SP,37
medium,25,30,0.1,30,30,4,194,220,37.9,37.1002,0.399879,414,0.881818,NONE,NEAR_SP,37
medium,25,30,0.1,40,30,1,134,246,37.9999,37.1015,0.449228,380,0.544715,NONE,NEAR_SP,37
medium,25,30,0.1,40,30,2,134,244,37.9999,37.1015,0.4492,378,0.54918,NONE,NEAR_SP,37
medium,25,30,0.1,40,30,3,134,244,37.9999,37.1015,0.4492,378,0.54918,NONE,NEAR_SP,37
medium,25,30,0.1,40,30,4,134,244,37.9999,37.1015,0.4492,378,0.54918,NONE,NEAR_SP,37
medium,25,30,0.01,20,30,1,396,168,37.7495,37.1508,0.299372,564,2.35714,NONE,NEAR_SP,37
medium,25,30,0.01,20,30,2,398,170,37.7549,37.1504,0.302256,568,2.34118,NONE,NEAR_SP,37
medium,25,30,0.01,20,30,3,396,168,37.7553,37.1518,0.301775,564,2.35714,NONE,NEAR_SP,37
medium,25,30,0.01,20,30,4,396,170,37.758,37.1505,0.303761,566,2.32941,NONE,NEAR_SP,37
medium,25,30,0.01,30,30,1,176,200,37.8587,37.1618,0.34841,376,0.88,NONE,NEAR_SP,37
medium,25,30,0.01,30,30,2,176,198,37.8576,37.1621,0.347759,374,0.888889,NONE,NEAR_SP,37
medium,25,30,0.01,30,30,3,178,200,37.8577,37.1573,0.350216,378,0.89,NONE,NEAR_SP,37
medium,25,30,0.01,30,30,4,178,200,37.8588,37.1575,0.350655,378,0.89,NONE,NEAR_SP,37
medium,25,30,0.01,40,30,1,126,228,37.9583,37.1645,0.396872,354,0.552632,NONE,NEAR_SP,37
medium,25,30,0.01,40,30,2,126,230,37.9681,37.1647,0.401697,356,0.547826,NONE,NEAR_SP,37
medium,25,30,0.01,40,30,3,126,230,37.9682,37.1654,0.401424,356,0.547826,NONE,NEAR_SP,37
medium,25,30,0.01,40,30,4,126,230,37.9715,37.1686,0.401457,356,0.547826,NONE,NEAR_SP,37
medium,25,60,0.1,20,30,1,542,232,37.8,37,0.399996,774,2.33621,NONE,NEAR_SP,37
medium,25,60,0.1,20,30,2,540,232,37.8,37,0.399996,772,2.32759,NONE,NEAR_SP,37
medium,25,60,0.1,20,30,3,540,232,37.8,37,0.399996,772,2.32759,NONE,NEAR_SP,37
medium,25,60,0.1,30,30,1,248,280,38,37.0001,0.499956,528,0.885714,NONE,NEAR_SP,37
medium,25,60,0.1,30,30,2,248,280,38,37.0001,0.499956,528,0.885714,NONE,NEAR_SP,37
medium,25,60,0.1,30,30,3,248,280,38,37.0001,0.499956,528,0.885714,NONE,NEAR_SP,37
medium,25,60,0.1,30,30,4,250,280,38,37.0001,0.499956,530,0.892857,NONE,NEAR_SP,37
medium,25,60,0.01,20,30,1,488,210,37.7995,37.0502,0.374653,698,2.32381,NONE,NEAR_SP,37
medium,25,60,0.01,20,30,2,490,210,37.7992,37.0418,0.378735,700,2.33333,NONE,NEAR_SP,37
medium,25,60,0.01,20,30,3,490,210,37.7995,37.0417,0.378918,700,2.33333,NONE,NEAR_SP,37
medium,25,60,0.01,30,30,1,232,262,37.987,37.0521,0.467461,494,0.885496,NONE,NEAR_SP,37
medium,25,60,0.01,30,30,2,230,260,37.9852,37.0536,0.465794,490,0.884615,NONE,NEAR_SP,37
medium,25,60,0.01,30,30,3,232,260,37.9787,37.0521,0.463297,492,0.892308,NONE,NEAR_SP,37
medium,25,60,0.01,30,30,4,232,262,37.9853,37.0509,0.467196,494,0.885496,NONE,NEAR_SP,37
medium,25,60,0.01,40,30,1,172,310,38.1671,37.0547,0.556219,482,0.554839,NONE,NEAR_SP,37
medium,25,60,0.01,40,30,2,172,312,38.1742,37.0553,0.559471,484,0.551282,NONE,NEAR_SP,37
medium,25,60,0.01,40,30,3,172,312,38.1764,37.0553,0.560556,484,0.551282,NONE,NEAR_SP,37
medium,25,60,0.01,40,30,4,172,312,38.1764,37.0553,0.560556,484,0.551282,NONE,NEAR_SP,37
medium,28,5,0.1,20,30,1,236,206,37.7999,37.2,0.299938,442,1.14563,NONE,NEAR_SP,37
medium,28,5,0.1,20,30,2,236,204,37.7999,37.2001,0.299904,440,1.15686,NONE,NEAR_SP,37
medium,28,5,0.1,20,30,3,236,206,37.7999,37.2,0.299913,442,1.14563,NONE,NEAR_SP,37
medium,28,5,0.1,20,30,4,236,204,37.7999,37.2,0.299913,440,1.15686,NONE,NEAR_SP,37
medium,28,5,0.1,30,30,1,122,222,37.8,37.2004,0.29982,344,0.54955,NONE,NEAR_SP,37
medium,28,5,0.1,30,30,2,122,218,37.8,37.2006,0.299711,340,0.559633,NONE,NEAR_SP,37
medium,28,5,0.1,30,30,3,122,220,37.8,37.2004,0.29982,342,0.554545,NONE,NEAR_SP,37
medium,28,5,0.1,30,30,4,122,218,37.8,37.2006,0.299711,340,0.559633,NONE,NEAR_SP,37
medium,28,5,0.1,40,30,1,86,232,37.8,37.2009,0.299541,318,0.37069,NONE,NEAR_SP,37
medium,28,5,0.1,40,30,2,86,232,37.8,37.2015,0.299269,318,0.37069,NONE,NEAR_SP,37
medium,28,5,0.1,40,30,3,86,234,37.8,37.2009,0.299541,320,0.367521,NONE,NEAR_SP,37
medium,28,5,0.1,40,30,4,86,232,37.8,37.2009,0.299541,318,0.37069,NONE,NEAR_SP,37
medium,28,5,0.01,20,30,1,204,176,37.7294,37.2608,0.234314,380,1.15909,NONE,NEAR_SP,37
medium,28,5,0.01,20,30,2,204,178,37.736,37.2608,0.237621,382,1.14607,NONE,NEAR_SP,37
medium,28,5,0.01,20,30,3,204,178,37.736,37.2608,0.237619,382,1.14607,NONE,NEAR_SP,37
medium,28,5,0.01,20,30,4,204,178,37.7345,37.2607,0.236929,382,1.14607,NONE,NEAR_SP,37
medium,28,5,0.01,30,30,1,108,192,37.7681,37.2627,0.252659,300,0.5625,NONE,NEAR_SP,37
medium,28,5,0.01,30,30,2,108,194,37.769,37.2631,0.252953,302,0.556701,NONE,NEAR_SP,37
medium,28,5,0.01,30,30,3,108,194,37.775,37.2665,0.254257,302,0.556701,NONE,NEAR_SP,37
medium,28,5,0.01,30,30,4,108,196,37.7759,37.2626,0.256668,304,0.55102,NONE,NEAR_SP,37
medium,28,5,0.01,40,30,1,78,210,37.8114,37.2679,0.271709,288,0.371429,NONE,NEAR_SP,37
medium,28,5,0.01,40,30,2,78,212,37.8188,37.2716,0.273586,290,0.367925,NONE,NEAR_SP,37
medium,28,5,0.01,40,30,3,78,214,37.8188,37.2641,0.277308,292,0.364486,NONE,NEAR_SP,37
medium,28,5,0.01,40,30,4,78,212,37.8174,37.2644,0.276531,290,0.367925,NONE,NEAR_SP,37
medium,28,15,0.1,20,30,1,256,222,37.8,37.2,0.299995,478,1.15315,NONE,NEAR_SP,37
medium,28,15,0.1,20,30,2,256,222,37.8,37.2,0.299995,478,1.15315,NONE,NEAR_SP,37
medium,28,15,0.1,20,30,3,258,222,37.8,37.2,0.299995,480,1.16216,NONE,NEAR_SP,37
medium,28,15,0.1,20,30,4,256,224,37.8,37.2,0.299995,480,1.14286,NONE,NEAR_SP,37
medium,28,15,0.1,30,30,1,138,246,37.894,37.2,0.346987,384,0.560976,NONE,NEAR_SP,37
medium,28,15,0.1,30,30,2,138,248,37.8977,37.2,0.34882,386,0.556452,NONE,NEAR_SP,37
medium,28,15,0.1,30,30,3,138,248,37.8977,37.2,0.34882,386,0.556452,NONE,NEAR_SP,37
medium,28,15,0.1,30,30,4,138,248,37.8977,37.2,0.34882,386,0.556452,NONE,NEAR_SP,37
medium,28,15,0.1,40,30,1,100,268,37.9,37.2,0.349981,368,0.373134,NONE,NEAR_SP,37
medium,28,15,0.1,40,30,2,100,272,37.9,37.2,0.349981,372,0.367647,NONE,NEAR_SP,37
medium,28,15,0.1,40,30,3,100,270,37.9,37.2,0.349981,370,0.37037,NONE,NEAR_SP,37
medium,28,15,0.1,40,30,4,100,272,37.9,37.2,0.349981,372,0.367647,NONE,NEAR_SP,37
medium,28,15,0.01,20,30,1,226,194,37.7494,37.2308,0.259317,420,1.16495,NONE,NEAR_SP,37
medium,28,15,0.01,20,30,2,224,194,37.7584,37.2326,0.262918,418,1.15464,NONE,NEAR_SP,37
medium,28,15,0.01,20,30,3,226,196,37.7584,37.2308,0.263838,422,1.15306,NONE,NEAR_SP,37
medium,28,15,0.01,20,30,4,224,194,37.7575,37.2316,0.262936,418,1.15464,NONE,NEAR_SP,37
medium,28,15,0.01,30,30,1,124,222,37.822,37.2331,0.294462,346,0.558559,NONE,NEAR_SP,37
medium,28,15,0.01,30,30,2,122,220,37.819,37.2411,0.288967,342,0.554545,NONE,NEAR_SP,37
medium,28,15,0.01,30,30,3,122,218,37.8181,37.2412,0.28842,340,0.559633,NONE,NEAR_SP,37
medium,28,15,0.01,30,30,4,124,220,37.8181,37.2331,0.292475,344,0.563636,NONE,NEAR_SP,37
medium,28,15,0.01,40,30,1,92,248,37.8977,37.2417,0.327978,340,0.370968,NONE,NEAR_SP,37
medium,28,15,0.01,40,30,2,92,248,37.8977,37.2416,0.328022,340,0.370968,NONE,NEAR_SP,37
medium,28,15,0.01,40,30,3,92,248,37.8977,37.2416,0.328024,340,0.370968,NONE,NEAR_SP,37
medium,28,15,0.01,40,30,4,92,248,37.8977,37.2416,0.328024,340,0.370968,NONE,NEAR_SP,37
medium,28,30,0.1,20,30,1,286,250,37.8,37.2,0.299995,536,1.144,NONE,NEAR_SP,37
medium,28,30,0.1,20,30,2,286,248,37.8,37.2,0.299995,534,1.15323,NONE,NEAR_SP,37
medium,28,30,0.1,20,30,3,288,248,37.8,37.2,0.299995,536,1.16129,NONE,NEAR_SP,37
medium,28,30,0.1,20,30,4,288,252,37.8,37.1244,0.33779,540,1.14286,NONE,NEAR_SP,37
medium,28,30,0.1,30,30,1,160,286,37.9,37.2,0.349997,446,0.559441,NONE,NEAR_SP,37
medium,28,30,0.1,30,30,2,160,286,37.9,37.2,0.349997,446,0.559441,NONE,NEAR_SP,37
medium,28,30,0.1,30,30,3,160,284,37.9,37.2,0.349997,444,0.56338,NONE,NEAR_SP,37
medium,28,30,0.1,30,30,4,160,286,37.9,37.2,0.349997,446,0.559441,NONE,NEAR_SP,37
medium,28,30,0.1,40,30,1,120,324,38,37.2,0.399996,444,0.37037,NONE,NEAR_SP,37
medium,28,30,0.1,40,30,2,120,324,38,37.2,0.399996,444,0.37037,NONE,NEAR_SP,37
medium,28,30,0.1,40,30,3,120,324,38,37.2,0.399996,444,0.37037,NONE,NEAR_SP,37
medium,28,30,0.1,40,30,4,120,326,38,37.2,0.399996,446,0.368098,NONE,NEAR_SP,37
medium,28,30,0.01,20,30,1,256,222,37.7894,37.1911,0.299179,478,1.15315,NONE,NEAR_SP,37
medium,28,30,0.01,20,30,2,256,222,37.7896,37.191,0.299301,478,1.15315,NONE,NEAR_SP,37
medium,28,30,0.01,20,30,3,256,222,37.7895,37.1906,0.299429,478,1.15315,NONE,NEAR_SP,37
medium,28,30,0.01,20,30,4,256,222,37.789,37.1906,0.299215,478,1.15315,NONE,NEAR_SP,37
medium,28,30,0.01,30,30,1,146,262,37.8984,37.1941,0.352175,408,0.557252,NONE,NEAR_SP,37
medium,28,30,0.01,30,30,2,146,260,37.8975,37.201,0.348236,406,0.561538,NONE,NEAR_SP,37
medium,28,30,0.01,30,30,3,146,262,37.8984,37.1941,0.352175,408,0.557252,NONE,NEAR_SP,37
medium,28,30,0.01,30,30,4,146,260,37.8969,37.197,0.349939,406,0.561538,NONE,NEAR_SP,37
medium,28,30,0.01,40,30,1,112,300,38.0065,37.1965,0.404984,412,0.373333,NONE,NEAR_SP,37
medium,28,30,0.01,40,30,2,112,302,38.009,37.1964,0.406277,414,0.370861,NONE,NEAR_SP,37
medium,28,30,0.01,40,30,3,112,302,38.0084,37.1964,0.405973,414,0.370861,NONE,NEAR_SP,37
medium,28,30,0.01,40,30,4,112,300,38.0082,37.2025,0.402864,412,0.373333,NONE,NEAR_SP,37
medium,28,60,0.1,20,30,1,348,304,37.9,37.1,0.399998,652,1.14474,NONE,NEAR_SP,37
medium,28,60,0.1,20,30,2,348,304,37.9,37.1,0.399998,652,1.14474,NONE,NEAR_SP,37
medium,28,60,0.1,20,30,3,348,304,37.9,37.1,0.399998,652,1.14474,NONE,NEAR_SP,37
medium,28,60,0.1,30,30,1,206,366,38.0999,37.1,0.499928,572,0.562842,NONE,NEAR_SP,37
medium,28,60,0.1,30,30,2,206,366,38.0999,37.1,0.499954,572,0.562842,NONE,NEAR_SP,37
medium,28,60,0.1,30,30,3,206,368,38.0999,37.1,0.499954,574,0.559783,NONE,NEAR_SP,37
medium,28,60,0.1,30,30,4,206,366,38.0999,37.1,0.499928,572,0.562842,NONE,NEAR_SP,37
medium,28,60,0.01,20,30,1,316,276,37.866,37.111,0.377506,592,1.14493,NONE,NEAR_SP,37
medium,28,60,0.01,20,30,2,316,274,37.859,37.111,0.374025,590,1.15328,NONE,NEAR_SP,37
medium,28,60,0.01,20,30,3,316,274,37.8592,37.111,0.374075,590,1.15328,NONE,NEAR_SP,37
medium,28,60,0.01,20,30,4,318,276,37.8596,37.1104,0.374599,594,1.15217,NONE,NEAR_SP,37
medium,28,60,0.01,30,30,1,192,340,38.0394,37.1117,0.463833,532,0.564706,NONE,NEAR_SP,37
medium,28,60,0.01,30,30,2,192,342,38.0484,37.1125,0.467949,534,0.561404,NONE,NEAR_SP,37
medium,28,60,0.01,30,30,3,192,342,38.0484,37.114,0.46719,534,0.561404,NONE,NEAR_SP,37
medium,28,60,0.01,30,30,4,192,342,38.0492,37.1141,0.467588,534,0.561404,NONE,NEAR_SP,37
heavy,25,5,0.1,30,30,1,832,234,37.7985,37.2,0.299269,1066,3.55556,NONE,NEAR_SP,37
heavy,25,5,0.1,40,30,1,340,240,37.7996,37.2,0.299814,580,1.41667,NONE,NEAR_SP,37
heavy,25,5,0.1,40,30,2,340,240,37.7996,37.2,0.299814,580,1.41667,NONE,NEAR_SP,37
heavy,25,5,0.1,40,30,3,340,240,37.7996,37.2,0.299814,580,1.41667,NONE,NEAR_SP,37
heavy,25,5,0.01,30,30,1,700,196,37.7098,37.2603,0.224722,896,3.57143,NONE,NEAR_SP,37
heavy,25,5,0.01,40,30,1,286,202,37.7192,37.2702,0.224489,488,1.41584,NONE,NEAR_SP,37
heavy,25,5,0.01,40,30,2,286,202,37.7192,37.2702,0.224489,488,1.41584,NONE,NEAR_SP,37
heavy,25,5,0.01,40,30,3,286,202,37.7192,37.2702,0.224489,488,1.41584,NONE,NEAR_SP,37
heavy,25,15,0.1,30,30,1,876,246,37.7999,37.2,0.299953,1122,3.56098,NONE,NEAR_SP,37
heavy,25,15,0.1,40,30,1,362,256,37.8,37.2,0.299994,618,1.41406,NONE,NEAR_SP,37
heavy,25,15,0.1,40,30,2,364,256,37.8,37.2,0.299994,620,1.42188,NONE,NEAR_SP,37
heavy,25,15,0.01,30,30,1,746,210,37.7184,37.24,0.239206,956,3.55238,NONE,NEAR_SP,37
heavy,25,15,0.01,40,30,1,310,220,37.7387,37.2434,0.24766,530,1.40909,NONE,NEAR_SP,37
heavy,25,15,0.01,40,30,2,312,220,37.7371,37.241,0.248055,532,1.41818,NONE,NEAR_SP,37
heavy,25,15,0.01,40,30,3,310,220,37.7387,37.2434,0.24766,530,1.40909,NONE,NEAR_SP,37
heavy,25,30,0.1,40,30,1,398,282,37.8,37.2,0.299995,680,1.41135,NONE,NEAR_SP,37
heavy,25,30,0.1,40,30,2,400,282,37.8,37.2,0.299995,682,1.41844,NONE,NEAR_SP,37
heavy,25,30,0.01,30,30,1,806,228,37.7275,37.21,0.258747,1034,3.53509,NONE,NEAR_SP,37
heavy,25,30,0.01,40,30,1,346,244,37.7595,37.2106,0.27445,590,1.41803,NONE,NEAR_SP,37
heavy,25,30,0.01,40,30,2,346,246,37.7597,37.2102,0.274727,592,1.4065,NONE,NEAR_SP,37
heavy,25,30,0.01,40,30,3,346,244,37.7592,37.2106,0.274305,590,1.41803,NONE,NEAR_SP,37
heavy,25,60,0.1,40,30,1,468,332,37.894,37.1,0.397018,800,1.40964,NONE,NEAR_SP,37
heavy,25,60,0.1,40,30,2,468,332,37.894,37.1,0.397018,800,1.40964,NONE,NEAR_SP,37
heavy,25,60,0.01,40,30,1,414,294,37.8092,37.1413,0.333942,708,1.40816,NONE,NEAR_SP,37
heavy,25,60,0.01,40,30,2,414,294,37.8087,37.1413,0.333704,708,1.40816,NONE,NEAR_SP,37
heavy,28,5,0.1,30,30,1,450,308,37.7998,37.2,0.299881,758,1.46104,NONE,NEAR_SP,37
heavy,28,5,0.1,30,30,2,448,308,37.7998,37.2,0.299881,756,1.45455,NONE,NEAR_SP,37
heavy,28,5,0.1,40,30,1,254,314,37.8,37.2002,0.299871,568,0.808917,NONE,NEAR_SP,37
heavy,28,5,0.1,40,30,2,254,316,37.8,37.2001,0.299913,570,0.803797,NONE,NEAR_SP,37
heavy,28,5,0.1,40,30,3,254,314,37.8,37.2002,0.299871,568,0.808917,NONE,NEAR_SP,37
heavy,28,5,0.01,30,30,1,374,256,37.7182,37.2801,0.21907,630,1.46094,NONE,NEAR_SP,37
heavy,28,5,0.01,30,30,2,376,256,37.7173,37.28,0.21862,632,1.46875,NONE,NEAR_SP,37
heavy,28,5,0.01,30,30,3,374,256,37.7182,37.2801,0.21907,630,1.46094,NONE,NEAR_SP,37
heavy,28,5,0.01,40,30,1,214,266,37.7287,37.2802,0.224228,480,0.804511,NONE,NEAR_SP,37
heavy,28,5,0.01,40,30,2,216,266,37.7287,37.2802,0.224228,482,0.81203,NONE,NEAR_SP,37
heavy,28,5,0.01,40,30,3,214,268,37.7297,37.2803,0.224684,482,0.798507,NONE,NEAR_SP,37
heavy,28,5,0.01,40,30,4,214,266,37.7294,37.2803,0.224543,480,0.804511,NONE,NEAR_SP,37
heavy,28,15,0.1,30,30,1,472,322,37.8,37.2,0.299994,794,1.46584,NONE,NEAR_SP,37
heavy,28,15,0.1,30,30,2,474,324,37.8,37.2,0.299994,798,1.46296,NONE,NEAR_SP,37
heavy,28,15,0.1,40,30,1,270,336,37.8,37.2,0.299995,606,0.803571,NONE,NEAR_SP,37
heavy,28,15,0.1,40,30,2,270,336,37.8,37.2,0.299995,606,0.803571,NONE,NEAR_SP,37
heavy,28,15,0.1,40,30,3,270,336,37.8,37.2,0.299995,606,0.803571,NONE,NEAR_SP,37
heavy,28,15,0.01,30,30,1,400,274,37.7293,37.2601,0.234612,674,1.45985,NONE,NEAR_SP,37
heavy,28,15,0.01,30,30,2,398,272,37.7289,37.2602,0.234373,670,1.46324,NONE,NEAR_SP,37
heavy,28,15,0.01,30,30,3,398,272,37.7289,37.2602,0.234346,670,1.46324,NONE,NEAR_SP,37
heavy,28,15,0.01,40,30,1,232,288,37.7494,37.2605,0.244457,520,0.805556,NONE,NEAR_SP,37
heavy,28,15,0.01,40,30,2,232,288,37.7494,37.2605,0.244457,520,0.805556,NONE,NEAR_SP,37
heavy,28,15,0.01,40,30,3,232,288,37.7494,37.2606,0.244431,520,0.805556,NONE,NEAR_SP,37
heavy,28,15,0.01,40,30,4,232,288,37.7494,37.2606,0.244431,520,0.805556,NONE,NEAR_SP,37
heavy,28,30,0.1,30,30,1,508,348,37.8,37.2,0.299995,856,1.45977,NONE,NEAR_SP,37
heavy,28,30,0.1,30,30,2,508,348,37.8,37.2,0.299995,856,1.45977,NONE,NEAR_SP,37
heavy,28,30,0.1,40,30,1,298,370,37.8,37.2,0.299995,668,0.805405,NONE,NEAR_SP,37
heavy,28,30,0.1,40,30,2,298,370,37.8,37.2,0.299995,668,0.805405,NONE,NEAR_SP,37
heavy,28,30,0.1,40,30,3,298,370,37.8,37.2,0.299995,668,0.805405,NONE,NEAR_SP,37
heavy,28,30,0.01,30,30,1,434,298,37.7482,37.2313,0.258476,732,1.45638,NONE,NEAR_SP,37
heavy,28,30,0.01,30,30,2,436,298,37.7471,37.2305,0.258316,734,1.46309,NONE,NEAR_SP,37
heavy,28,30,0.01,40,30,1,258,322,37.7866,37.232,0.277288,580,0.801242,NONE,NEAR_SP,37
heavy,28,30,0.01,40,30,2,258,320,37.7798,37.2352,0.272305,578,0.80625,NONE,NEAR_SP,37
heavy,28,30,0.01,40,30,3,260,322,37.7798,37.232,0.27389,582,0.807453,NONE,NEAR_SP,37
heavy,28,60,0.1,30,30,1,578,396,37.8,37.1001,0.349957,974,1.4596,NONE,NEAR_SP,37
heavy,28,60,0.1,40,30,1,350,436,37.9,37.1006,0.399715,786,0.802752,NONE,NEAR_SP,37
heavy,28,60,0.1,40,30,2,350,434,37.9,37.1006,0.399715,784,0.806452,NONE,NEAR_SP,37
heavy,28,60,0.01,30,30,1,506,348,37.7797,37.1802,0.29977,854,1.45402,NONE,NEAR_SP,37
heavy,28,60,0.01,30,30,2,504,346,37.7797,37.1805,0.299618,850,1.45665,NONE,NEAR_SP,37
heavy,28,60,0.01,40,30,1,310,386,37.8495,37.182,0.333721,696,0.803109,NONE,NEAR_SP,37
heavy,28,60,0.01,40,30,2,312,386,37.8485,37.1809,0.333811,698,0.80829,NONE,NEAR_SP,37
