groups,requested_pct,seconds,delivered_pct
1,0.5,120,0.000000
1,0.5,600,0.500000
1,0.5,3600,0.500000
1,1.0,120,0.833333
1,1.0,600,1.000000
1,1.0,3600,1.000000
1,2.0,120,1.666667
1,2.0,600,2.000000
1,2.0,3600,2.000000
1,3.0,120,2.500000
1,3.0,600,3.000000
1,3.0,3600,3.000000
1,5.0,120,5.000000
1,5.0,600,5.000000
1,5.0,3600,5.000000
1,10.0,120,10.000000
1,10.0,600,10.000000
1,10.0,3600,10.000000
1,25.0,120,25.000000
1,25.0,600,25.000000
1,25.0,3600,25.000000
1,50.0,120,50.000000
1,50.0,600,50.000000
1,50.0,3600,50.000000
1,75.0,120,75.000000
1,75.0,600,75.000000
1,75.0,3600,75.000000
1,100.0,120,100.000000
1,100.0,600,100.000000
1,100.0,3600,100.000000
2,0.5,120,0.416667
2,0.5,600,0.500000
2,0.5,3600,0.500000
2,1.0,120,0.833333
2,1.0,600,1.000000
2,1.0,3600,1.000000
2,2.0,120,1.666667
2,2.0,600,2.000000
2,2.0,3600,2.000000
2,3.0,120,2.916667
2,3.0,600,3.000000
2,3.0,3600,3.000000
2,5.0,120,5.000000
2,5.0,600,5.000000
2,5.0,3600,5.000000
2,10.0,120,10.000000
2,10.0,600,10.000000
2,10.0,3600,10.000000
2,25.0,120,25.000000
2,25.0,600,25.000000
2,25.0,3600,25.000000
2,50.0,120,50.000000
2,50.0,600,50.000000
2,50.0,3600,50.000000
2,75.0,120,75.000000
2,75.0,600,75.000000
2,75.0,3600,75.000000
2,100.0,120,100.000000
2,100.0,600,100.000000
2,100.0,3600,100.000000
